month,ttf_eur_mwh,henry_hub_usd_mmbtu,jkm_usd_mmbtu,ttf_open_interest,jkm_open_interest
NOV 26,78.080,3.20300,25.875,1434,0
DEC 26,77.976,3.51200,26.400,1351,0
JAN 27,77.903,3.89800,26.205,1357,175
FEB 27,77.540,3.52600,25.450,1363,175
MAR 27,75.697,2.77500,23.975,1358,175
APR 27,65.185,2.66600,21.125,853,175
MAY 27,60.850,2.69200,19.870,797,175
JUN 27,59.150,2.84000,19.545,796,175
JUL 27,58.379,3.06300,19.695,777,175
AUG 27,57.675,3.13600,19.665,777,175
SEP 27,57.209,3.11900,19.415,777,175
OCT 27,56.780,3.20500,19.470,19,175
NOV 27,56.651,3.50400,19.375,19,175
DEC 27,56.327,4.10900,19.445,19,175
JAN 28,55.922,4.52200,19.370,10,175
FEB 28,54.522,4.12800,18.825,10,175
MAR 28,50.405,3.39300,17.215,10,175
APR 28,40.600,3.16400,13.845,10,175
MAY 28,36.725,3.16400,12.685,10,175
JUN 28,35.735,3.31300,12.420,10,175
JUL 28,35.635,3.52600,12.710,10,175
AUG 28,35.526,3.58600,12.665,10,175
SEP 28,35.461,3.55600,12.640,10,175
OCT 28,35.846,3.60500,12.740,10,175
NOV 28,36.341,3.79200,12.875,10,175
DEC 28,36.731,4.33800,13.125,10,175
JAN 29,37.498,4.77500,15.425,0,215
FEB 29,37.303,4.33600,14.990,0,215
MAR 29,35.938,3.40800,13.710,0,215
APR 29,30.762,3.15400,11.025,0,215
MAY 29,29.625,3.13800,10.100,0,215
JUN 29,29.358,3.25900,9.890,0,215
JUL 29,28.531,3.47400,10.125,0,215
AUG 29,28.389,3.53000,10.085,0,215
SEP 29,28.373,3.51800,10.065,0,215
OCT 29,29.183,3.58000,10.145,0,215
NOV 29,29.538,3.72100,10.255,0,215
DEC 29,29.908,4.26900,10.455,0,215
JAN 30,29.823,4.73700,13.610,0,0
FEB 30,29.813,4.32500,13.225,0,0
MAR 30,29.798,3.48200,12.095,0,0
APR 30,26.461,3.15100,9.725,0,0
MAY 30,26.157,3.11100,8.910,0,0
JUN 30,25.848,3.22900,8.725,0,0
JUL 30,24.378,3.46900,8.930,0,0
AUG 30,24.714,3.50700,8.900,0,0
SEP 30,25.359,3.48200,8.880,0,0
OCT 30,25.869,3.55000,8.950,0,0
NOV 30,26.660,3.70200,9.045,0,0
DEC 30,27.137,4.25800,9.220,0,0
JAN 31,27.278,4.68100,11.790,0,0
FEB 31,27.153,4.28500,11.460,0,0
MAR 31,26.908,3.46600,10.480,0,0
APR 31,24.978,3.08200,8.430,0,0
MAY 31,24.648,3.04400,7.720,0,0
JUN 31,24.548,3.16700,7.560,0,0
JUL 31,23.333,3.38000,7.740,0,0
AUG 31,23.518,3.44500,7.710,0,0
SEP 31,24.013,3.42900,7.695,0,0
OCT 31,25.228,3.51000,7.755,0,0
NOV 31,25.948,3.73700,7.840,0,0
DEC 31,26.178,4.34900,7.990,0,0
