term,value,source
restricted payment test,"Historical DSCR (rolling four quarters) and Fixed Projected DSCR (next 12 months) each at least 1.25:1","CP2 Amended and Restated Common Terms Agreement, Section 11.1(b) (Ex 10.6 to Q1 2026 10-Q)"
fixed projected DSCR basis,"cash flow from the fixed liquefaction fee under Qualifying LNG SPAs only, with fixed costs as if no cargoes were lifted","CTA Schedule A definition of Fixed Projected DSCR"
completion condition,"both Project Phase 1 Completion Date and Project Phase 2 Completion Date must have occurred","CTA Section 11.1(d)"
debt service reserve,"Senior Facilities DSRA funded for the next two quarterly (or one semi-annual) payment dates","CTA Section 11.1(c) and DSRA definition"
pre-completion revenue payments,"allowed before Phase 2 completion only if production-rate tests are met and remaining project costs are covered by undrawn debt, accounts, Minimum Assumed Commissioning Cargo Proceeds, contracted commissioning proceeds and Assumed Post-COD P1 SPA Profits","CTA Section 11.3"
sizing case DSCR,"at least 1.40:1.0 blended: 1.30x and 1.70x on fixed fees of two SPA groups, 1.40x on remarketable gas transport","CTA Schedule A definition of Sizing Case DSCR"
other projects,"Calcasieu, Plaquemines, CP2 and Blackfin restricted from certain distributions until operating reserves and historical and projected debt service reserves are established; restricted net assets about 16.5bn at 31 Dec 2025","FY2025 10-K, debt note"
excess capacity,"VG Commodities buys LNG above each project's nameplate under intercompany excess capacity SPAs, up to 18.2 MTPA","FY2025 10-K, business section"
CP2 Phase 2 commercial operations,"second half of 2030","IEA Gas Market Report Q3-2026"
