month,jkm_usd_mmbtu,source
2017-01,9.174,IMF PCPS PNGASJP (external-data.xlsx, September 2026 release; IMF label 'Indonesian LNG in Japan', a daily-averaged spot series from 2017 that tracks JKM)
2017-02,7.128,IMF PCPS PNGASJP (external-data.xlsx, September 2026 release; IMF label 'Indonesian LNG in Japan', a daily-averaged spot series from 2017 that tracks JKM)
2017-03,5.795,IMF PCPS PNGASJP (external-data.xlsx, September 2026 release; IMF label 'Indonesian LNG in Japan', a daily-averaged spot series from 2017 that tracks JKM)
2017-04,5.710,IMF PCPS PNGASJP (external-data.xlsx, September 2026 release; IMF label 'Indonesian LNG in Japan', a daily-averaged spot series from 2017 that tracks JKM)
2017-05,5.719,IMF PCPS PNGASJP (external-data.xlsx, September 2026 release; IMF label 'Indonesian LNG in Japan', a daily-averaged spot series from 2017 that tracks JKM)
2017-06,5.524,IMF PCPS PNGASJP (external-data.xlsx, September 2026 release; IMF label 'Indonesian LNG in Japan', a daily-averaged spot series from 2017 that tracks JKM)
2017-07,5.632,IMF PCPS PNGASJP (external-data.xlsx, September 2026 release; IMF label 'Indonesian LNG in Japan', a daily-averaged spot series from 2017 that tracks JKM)
2017-08,6.131,IMF PCPS PNGASJP (external-data.xlsx, September 2026 release; IMF label 'Indonesian LNG in Japan', a daily-averaged spot series from 2017 that tracks JKM)
2017-09,7.084,IMF PCPS PNGASJP (external-data.xlsx, September 2026 release; IMF label 'Indonesian LNG in Japan', a daily-averaged spot series from 2017 that tracks JKM)
2017-10,8.793,IMF PCPS PNGASJP (external-data.xlsx, September 2026 release; IMF label 'Indonesian LNG in Japan', a daily-averaged spot series from 2017 that tracks JKM)
2017-11,9.571,IMF PCPS PNGASJP (external-data.xlsx, September 2026 release; IMF label 'Indonesian LNG in Japan', a daily-averaged spot series from 2017 that tracks JKM)
2017-12,10.709,IMF PCPS PNGASJP (external-data.xlsx, September 2026 release; IMF label 'Indonesian LNG in Japan', a daily-averaged spot series from 2017 that tracks JKM)
2018-01,11.670,IMF PCPS PNGASJP (external-data.xlsx, September 2026 release; IMF label 'Indonesian LNG in Japan', a daily-averaged spot series from 2017 that tracks JKM)
2018-02,10.471,IMF PCPS PNGASJP (external-data.xlsx, September 2026 release; IMF label 'Indonesian LNG in Japan', a daily-averaged spot series from 2017 that tracks JKM)
2018-03,8.461,IMF PCPS PNGASJP (external-data.xlsx, September 2026 release; IMF label 'Indonesian LNG in Japan', a daily-averaged spot series from 2017 that tracks JKM)
2018-04,7.475,IMF PCPS PNGASJP (external-data.xlsx, September 2026 release; IMF label 'Indonesian LNG in Japan', a daily-averaged spot series from 2017 that tracks JKM)
2018-05,8.613,IMF PCPS PNGASJP (external-data.xlsx, September 2026 release; IMF label 'Indonesian LNG in Japan', a daily-averaged spot series from 2017 that tracks JKM)
2018-06,10.438,IMF PCPS PNGASJP (external-data.xlsx, September 2026 release; IMF label 'Indonesian LNG in Japan', a daily-averaged spot series from 2017 that tracks JKM)
2018-07,9.972,IMF PCPS PNGASJP (external-data.xlsx, September 2026 release; IMF label 'Indonesian LNG in Japan', a daily-averaged spot series from 2017 that tracks JKM)
2018-08,10.590,IMF PCPS PNGASJP (external-data.xlsx, September 2026 release; IMF label 'Indonesian LNG in Japan', a daily-averaged spot series from 2017 that tracks JKM)
2018-09,11.091,IMF PCPS PNGASJP (external-data.xlsx, September 2026 release; IMF label 'Indonesian LNG in Japan', a daily-averaged spot series from 2017 that tracks JKM)
2018-10,10.036,IMF PCPS PNGASJP (external-data.xlsx, September 2026 release; IMF label 'Indonesian LNG in Japan', a daily-averaged spot series from 2017 that tracks JKM)
2018-11,9.777,IMF PCPS PNGASJP (external-data.xlsx, September 2026 release; IMF label 'Indonesian LNG in Japan', a daily-averaged spot series from 2017 that tracks JKM)
2018-12,8.952,IMF PCPS PNGASJP (external-data.xlsx, September 2026 release; IMF label 'Indonesian LNG in Japan', a daily-averaged spot series from 2017 that tracks JKM)
2019-01,8.286,IMF PCPS PNGASJP (external-data.xlsx, September 2026 release; IMF label 'Indonesian LNG in Japan', a daily-averaged spot series from 2017 that tracks JKM)
2019-02,6.501,IMF PCPS PNGASJP (external-data.xlsx, September 2026 release; IMF label 'Indonesian LNG in Japan', a daily-averaged spot series from 2017 that tracks JKM)
2019-03,5.245,IMF PCPS PNGASJP (external-data.xlsx, September 2026 release; IMF label 'Indonesian LNG in Japan', a daily-averaged spot series from 2017 that tracks JKM)
2019-04,5.080,IMF PCPS PNGASJP (external-data.xlsx, September 2026 release; IMF label 'Indonesian LNG in Japan', a daily-averaged spot series from 2017 that tracks JKM)
2019-05,5.033,IMF PCPS PNGASJP (external-data.xlsx, September 2026 release; IMF label 'Indonesian LNG in Japan', a daily-averaged spot series from 2017 that tracks JKM)
2019-06,4.389,IMF PCPS PNGASJP (external-data.xlsx, September 2026 release; IMF label 'Indonesian LNG in Japan', a daily-averaged spot series from 2017 that tracks JKM)
2019-07,4.419,IMF PCPS PNGASJP (external-data.xlsx, September 2026 release; IMF label 'Indonesian LNG in Japan', a daily-averaged spot series from 2017 that tracks JKM)
2019-08,4.280,IMF PCPS PNGASJP (external-data.xlsx, September 2026 release; IMF label 'Indonesian LNG in Japan', a daily-averaged spot series from 2017 that tracks JKM)
2019-09,5.055,IMF PCPS PNGASJP (external-data.xlsx, September 2026 release; IMF label 'Indonesian LNG in Japan', a daily-averaged spot series from 2017 that tracks JKM)
2019-10,6.017,IMF PCPS PNGASJP (external-data.xlsx, September 2026 release; IMF label 'Indonesian LNG in Japan', a daily-averaged spot series from 2017 that tracks JKM)
2019-11,5.456,IMF PCPS PNGASJP (external-data.xlsx, September 2026 release; IMF label 'Indonesian LNG in Japan', a daily-averaged spot series from 2017 that tracks JKM)
2019-12,5.573,IMF PCPS PNGASJP (external-data.xlsx, September 2026 release; IMF label 'Indonesian LNG in Japan', a daily-averaged spot series from 2017 that tracks JKM)
2020-01,4.914,IMF PCPS PNGASJP (external-data.xlsx, September 2026 release; IMF label 'Indonesian LNG in Japan', a daily-averaged spot series from 2017 that tracks JKM)
2020-02,2.920,IMF PCPS PNGASJP (external-data.xlsx, September 2026 release; IMF label 'Indonesian LNG in Japan', a daily-averaged spot series from 2017 that tracks JKM)
2020-03,3.279,IMF PCPS PNGASJP (external-data.xlsx, September 2026 release; IMF label 'Indonesian LNG in Japan', a daily-averaged spot series from 2017 that tracks JKM)
2020-04,2.126,IMF PCPS PNGASJP (external-data.xlsx, September 2026 release; IMF label 'Indonesian LNG in Japan', a daily-averaged spot series from 2017 that tracks JKM)
2020-05,2.032,IMF PCPS PNGASJP (external-data.xlsx, September 2026 release; IMF label 'Indonesian LNG in Japan', a daily-averaged spot series from 2017 that tracks JKM)
2020-06,2.050,IMF PCPS PNGASJP (external-data.xlsx, September 2026 release; IMF label 'Indonesian LNG in Japan', a daily-averaged spot series from 2017 that tracks JKM)
2020-07,2.287,IMF PCPS PNGASJP (external-data.xlsx, September 2026 release; IMF label 'Indonesian LNG in Japan', a daily-averaged spot series from 2017 that tracks JKM)
2020-08,3.626,IMF PCPS PNGASJP (external-data.xlsx, September 2026 release; IMF label 'Indonesian LNG in Japan', a daily-averaged spot series from 2017 that tracks JKM)
2020-09,4.610,IMF PCPS PNGASJP (external-data.xlsx, September 2026 release; IMF label 'Indonesian LNG in Japan', a daily-averaged spot series from 2017 that tracks JKM)
2020-10,6.122,IMF PCPS PNGASJP (external-data.xlsx, September 2026 release; IMF label 'Indonesian LNG in Japan', a daily-averaged spot series from 2017 that tracks JKM)
2020-11,6.822,IMF PCPS PNGASJP (external-data.xlsx, September 2026 release; IMF label 'Indonesian LNG in Japan', a daily-averaged spot series from 2017 that tracks JKM)
2020-12,11.609,IMF PCPS PNGASJP (external-data.xlsx, September 2026 release; IMF label 'Indonesian LNG in Japan', a daily-averaged spot series from 2017 that tracks JKM)
2021-01,20.415,IMF PCPS PNGASJP (external-data.xlsx, September 2026 release; IMF label 'Indonesian LNG in Japan', a daily-averaged spot series from 2017 that tracks JKM)
2021-02,7.169,IMF PCPS PNGASJP (external-data.xlsx, September 2026 release; IMF label 'Indonesian LNG in Japan', a daily-averaged spot series from 2017 that tracks JKM)
2021-03,6.443,IMF PCPS PNGASJP (external-data.xlsx, September 2026 release; IMF label 'Indonesian LNG in Japan', a daily-averaged spot series from 2017 that tracks JKM)
2021-04,7.894,IMF PCPS PNGASJP (external-data.xlsx, September 2026 release; IMF label 'Indonesian LNG in Japan', a daily-averaged spot series from 2017 that tracks JKM)
2021-05,10.014,IMF PCPS PNGASJP (external-data.xlsx, September 2026 release; IMF label 'Indonesian LNG in Japan', a daily-averaged spot series from 2017 that tracks JKM)
2021-06,12.017,IMF PCPS PNGASJP (external-data.xlsx, September 2026 release; IMF label 'Indonesian LNG in Japan', a daily-averaged spot series from 2017 that tracks JKM)
2021-07,14.097,IMF PCPS PNGASJP (external-data.xlsx, September 2026 release; IMF label 'Indonesian LNG in Japan', a daily-averaged spot series from 2017 that tracks JKM)
2021-08,16.644,IMF PCPS PNGASJP (external-data.xlsx, September 2026 release; IMF label 'Indonesian LNG in Japan', a daily-averaged spot series from 2017 that tracks JKM)
2021-09,24.063,IMF PCPS PNGASJP (external-data.xlsx, September 2026 release; IMF label 'Indonesian LNG in Japan', a daily-averaged spot series from 2017 that tracks JKM)
2021-10,35.065,IMF PCPS PNGASJP (external-data.xlsx, September 2026 release; IMF label 'Indonesian LNG in Japan', a daily-averaged spot series from 2017 that tracks JKM)
2021-11,31.964,IMF PCPS PNGASJP (external-data.xlsx, September 2026 release; IMF label 'Indonesian LNG in Japan', a daily-averaged spot series from 2017 that tracks JKM)
2021-12,37.420,IMF PCPS PNGASJP (external-data.xlsx, September 2026 release; IMF label 'Indonesian LNG in Japan', a daily-averaged spot series from 2017 that tracks JKM)
2022-01,26.828,IMF PCPS PNGASJP (external-data.xlsx, September 2026 release; IMF label 'Indonesian LNG in Japan', a daily-averaged spot series from 2017 that tracks JKM)
2022-02,27.823,IMF PCPS PNGASJP (external-data.xlsx, September 2026 release; IMF label 'Indonesian LNG in Japan', a daily-averaged spot series from 2017 that tracks JKM)
2022-03,38.736,IMF PCPS PNGASJP (external-data.xlsx, September 2026 release; IMF label 'Indonesian LNG in Japan', a daily-averaged spot series from 2017 that tracks JKM)
2022-04,29.015,IMF PCPS PNGASJP (external-data.xlsx, September 2026 release; IMF label 'Indonesian LNG in Japan', a daily-averaged spot series from 2017 that tracks JKM)
2022-05,21.938,IMF PCPS PNGASJP (external-data.xlsx, September 2026 release; IMF label 'Indonesian LNG in Japan', a daily-averaged spot series from 2017 that tracks JKM)
2022-06,29.538,IMF PCPS PNGASJP (external-data.xlsx, September 2026 release; IMF label 'Indonesian LNG in Japan', a daily-averaged spot series from 2017 that tracks JKM)
2022-07,41.169,IMF PCPS PNGASJP (external-data.xlsx, September 2026 release; IMF label 'Indonesian LNG in Japan', a daily-averaged spot series from 2017 that tracks JKM)
2022-08,54.157,IMF PCPS PNGASJP (external-data.xlsx, September 2026 release; IMF label 'Indonesian LNG in Japan', a daily-averaged spot series from 2017 that tracks JKM)
2022-09,44.682,IMF PCPS PNGASJP (external-data.xlsx, September 2026 release; IMF label 'Indonesian LNG in Japan', a daily-averaged spot series from 2017 that tracks JKM)
2022-10,29.742,IMF PCPS PNGASJP (external-data.xlsx, September 2026 release; IMF label 'Indonesian LNG in Japan', a daily-averaged spot series from 2017 that tracks JKM)
2022-11,25.218,IMF PCPS PNGASJP (external-data.xlsx, September 2026 release; IMF label 'Indonesian LNG in Japan', a daily-averaged spot series from 2017 that tracks JKM)
2022-12,30.717,IMF PCPS PNGASJP (external-data.xlsx, September 2026 release; IMF label 'Indonesian LNG in Japan', a daily-averaged spot series from 2017 that tracks JKM)
2023-01,20.686,IMF PCPS PNGASJP (external-data.xlsx, September 2026 release; IMF label 'Indonesian LNG in Japan', a daily-averaged spot series from 2017 that tracks JKM)
2023-02,15.963,IMF PCPS PNGASJP (external-data.xlsx, September 2026 release; IMF label 'Indonesian LNG in Japan', a daily-averaged spot series from 2017 that tracks JKM)
2023-03,13.350,IMF PCPS PNGASJP (external-data.xlsx, September 2026 release; IMF label 'Indonesian LNG in Japan', a daily-averaged spot series from 2017 that tracks JKM)
2023-04,12.011,IMF PCPS PNGASJP (external-data.xlsx, September 2026 release; IMF label 'Indonesian LNG in Japan', a daily-averaged spot series from 2017 that tracks JKM)
2023-05,9.901,IMF PCPS PNGASJP (external-data.xlsx, September 2026 release; IMF label 'Indonesian LNG in Japan', a daily-averaged spot series from 2017 that tracks JKM)
2023-06,10.107,IMF PCPS PNGASJP (external-data.xlsx, September 2026 release; IMF label 'Indonesian LNG in Japan', a daily-averaged spot series from 2017 that tracks JKM)
2023-07,10.881,IMF PCPS PNGASJP (external-data.xlsx, September 2026 release; IMF label 'Indonesian LNG in Japan', a daily-averaged spot series from 2017 that tracks JKM)
2023-08,11.753,IMF PCPS PNGASJP (external-data.xlsx, September 2026 release; IMF label 'Indonesian LNG in Japan', a daily-averaged spot series from 2017 that tracks JKM)
2023-09,13.152,IMF PCPS PNGASJP (external-data.xlsx, September 2026 release; IMF label 'Indonesian LNG in Japan', a daily-averaged spot series from 2017 that tracks JKM)
2023-10,15.293,IMF PCPS PNGASJP (external-data.xlsx, September 2026 release; IMF label 'Indonesian LNG in Japan', a daily-averaged spot series from 2017 that tracks JKM)
2023-11,15.414,IMF PCPS PNGASJP (external-data.xlsx, September 2026 release; IMF label 'Indonesian LNG in Japan', a daily-averaged spot series from 2017 that tracks JKM)
2023-12,13.052,IMF PCPS PNGASJP (external-data.xlsx, September 2026 release; IMF label 'Indonesian LNG in Japan', a daily-averaged spot series from 2017 that tracks JKM)
2024-01,10.017,IMF PCPS PNGASJP (external-data.xlsx, September 2026 release; IMF label 'Indonesian LNG in Japan', a daily-averaged spot series from 2017 that tracks JKM)
2024-02,8.822,IMF PCPS PNGASJP (external-data.xlsx, September 2026 release; IMF label 'Indonesian LNG in Japan', a daily-averaged spot series from 2017 that tracks JKM)
2024-03,8.993,IMF PCPS PNGASJP (external-data.xlsx, September 2026 release; IMF label 'Indonesian LNG in Japan', a daily-averaged spot series from 2017 that tracks JKM)
2024-04,9.794,IMF PCPS PNGASJP (external-data.xlsx, September 2026 release; IMF label 'Indonesian LNG in Japan', a daily-averaged spot series from 2017 that tracks JKM)
2024-05,10.847,IMF PCPS PNGASJP (external-data.xlsx, September 2026 release; IMF label 'Indonesian LNG in Japan', a daily-averaged spot series from 2017 that tracks JKM)
2024-06,12.368,IMF PCPS PNGASJP (external-data.xlsx, September 2026 release; IMF label 'Indonesian LNG in Japan', a daily-averaged spot series from 2017 that tracks JKM)
2024-07,11.995,IMF PCPS PNGASJP (external-data.xlsx, September 2026 release; IMF label 'Indonesian LNG in Japan', a daily-averaged spot series from 2017 that tracks JKM)
2024-08,13.213,IMF PCPS PNGASJP (external-data.xlsx, September 2026 release; IMF label 'Indonesian LNG in Japan', a daily-averaged spot series from 2017 that tracks JKM)
2024-09,13.090,IMF PCPS PNGASJP (external-data.xlsx, September 2026 release; IMF label 'Indonesian LNG in Japan', a daily-averaged spot series from 2017 that tracks JKM)
2024-10,13.113,IMF PCPS PNGASJP (external-data.xlsx, September 2026 release; IMF label 'Indonesian LNG in Japan', a daily-averaged spot series from 2017 that tracks JKM)
2024-11,14.025,IMF PCPS PNGASJP (external-data.xlsx, September 2026 release; IMF label 'Indonesian LNG in Japan', a daily-averaged spot series from 2017 that tracks JKM)
2024-12,14.225,IMF PCPS PNGASJP (external-data.xlsx, September 2026 release; IMF label 'Indonesian LNG in Japan', a daily-averaged spot series from 2017 that tracks JKM)
2025-01,14.126,IMF PCPS PNGASJP (external-data.xlsx, September 2026 release; IMF label 'Indonesian LNG in Japan', a daily-averaged spot series from 2017 that tracks JKM)
2025-02,14.721,IMF PCPS PNGASJP (external-data.xlsx, September 2026 release; IMF label 'Indonesian LNG in Japan', a daily-averaged spot series from 2017 that tracks JKM)
2025-03,13.118,IMF PCPS PNGASJP (external-data.xlsx, September 2026 release; IMF label 'Indonesian LNG in Japan', a daily-averaged spot series from 2017 that tracks JKM)
2025-04,11.569,IMF PCPS PNGASJP (external-data.xlsx, September 2026 release; IMF label 'Indonesian LNG in Japan', a daily-averaged spot series from 2017 that tracks JKM)
2025-05,11.678,IMF PCPS PNGASJP (external-data.xlsx, September 2026 release; IMF label 'Indonesian LNG in Japan', a daily-averaged spot series from 2017 that tracks JKM)
2025-06,12.963,IMF PCPS PNGASJP (external-data.xlsx, September 2026 release; IMF label 'Indonesian LNG in Japan', a daily-averaged spot series from 2017 that tracks JKM)
2025-07,12.261,IMF PCPS PNGASJP (external-data.xlsx, September 2026 release; IMF label 'Indonesian LNG in Japan', a daily-averaged spot series from 2017 that tracks JKM)
2025-08,11.521,IMF PCPS PNGASJP (external-data.xlsx, September 2026 release; IMF label 'Indonesian LNG in Japan', a daily-averaged spot series from 2017 that tracks JKM)
2025-09,11.277,IMF PCPS PNGASJP (external-data.xlsx, September 2026 release; IMF label 'Indonesian LNG in Japan', a daily-averaged spot series from 2017 that tracks JKM)
2025-10,10.842,IMF PCPS PNGASJP (external-data.xlsx, September 2026 release; IMF label 'Indonesian LNG in Japan', a daily-averaged spot series from 2017 that tracks JKM)
2025-11,11.067,IMF PCPS PNGASJP (external-data.xlsx, September 2026 release; IMF label 'Indonesian LNG in Japan', a daily-averaged spot series from 2017 that tracks JKM)
2025-12,9.910,IMF PCPS PNGASJP (external-data.xlsx, September 2026 release; IMF label 'Indonesian LNG in Japan', a daily-averaged spot series from 2017 that tracks JKM)
2026-01,10.435,IMF PCPS PNGASJP (external-data.xlsx, September 2026 release; IMF label 'Indonesian LNG in Japan', a daily-averaged spot series from 2017 that tracks JKM)
2026-02,10.752,IMF PCPS PNGASJP (external-data.xlsx, September 2026 release; IMF label 'Indonesian LNG in Japan', a daily-averaged spot series from 2017 that tracks JKM)
2026-03,20.812,IMF PCPS PNGASJP (external-data.xlsx, September 2026 release; IMF label 'Indonesian LNG in Japan', a daily-averaged spot series from 2017 that tracks JKM)
2026-04,16.569,IMF PCPS PNGASJP (external-data.xlsx, September 2026 release; IMF label 'Indonesian LNG in Japan', a daily-averaged spot series from 2017 that tracks JKM)
2026-05,18.101,IMF PCPS PNGASJP (external-data.xlsx, September 2026 release; IMF label 'Indonesian LNG in Japan', a daily-averaged spot series from 2017 that tracks JKM)
2026-06,17.189,IMF PCPS PNGASJP (external-data.xlsx, September 2026 release; IMF label 'Indonesian LNG in Japan', a daily-averaged spot series from 2017 that tracks JKM)
2026-07,19.562,IMF PCPS PNGASJP (external-data.xlsx, September 2026 release; IMF label 'Indonesian LNG in Japan', a daily-averaged spot series from 2017 that tracks JKM)
2026-08,22.038,IMF PCPS PNGASJP (external-data.xlsx, September 2026 release; IMF label 'Indonesian LNG in Japan', a daily-averaged spot series from 2017 that tracks JKM)
2026-09,26.600,AUTHOR ESTIMATE: mean of JOGMEC weekly JKM week-end assessments for 4/11/18/25 Sep 2026 (mid-25s 25.5; mid-28s 28.5; low-27s 27.2; low-25s 25.2) as published by Global LNG Hub; same method on TTF gives 25.58 vs World Bank September 25.42
