project,country,status,capacity_mtpa,first_year,full_year,in_igu_234,source_capacity,source_timing
Golden Pass T1-T3,US,under construction (T1 producing),18.0,2026,2028,yes,"IGU WLR 2026 (first LNG Mar 2026; 18 Mtpa per project reporting)","IGU WLR 2026 (T1 first LNG March 2026); S&P Global Jun 2026 / EIA (T2 H1 2027, T3 to follow)"
Corpus Christi Stage 3 remainder,US,under construction,4.4,2026,2026,yes,"Stage 3 ~10.4 Mtpa less 6.0 counted by IGU in 2025 (author arithmetic)","Cheniere: seven-train Stage 3 substantially complete in 2026"
Corpus Christi Midscale T8-9,US,under construction,3.0,2028,2028,yes,"IGU WLR 2026 (3.0 Mtpa FID 2025)","LNG Prime / Cheniere update: >55% complete, online by end-2028"
Port Arthur Phase 1,US,under construction,13.0,2027,2028,yes,"Sempra FID release 2023 (~13 Mtpa)","Sempra: Train 1 COD 2027, Train 2 2028"
Port Arthur Phase 2,US,under construction,13.0,2030,2031,yes,"IGU WLR 2026 (13.0 Mtpa FID 2025)","Enerdata / Sempra: Trains 3 and 4 commercial operations 2030 and 2031"
Rio Grande Phase 1 T1-T3,US,under construction,17.6,2027,2029,yes,"NextDecade FID release 2023 (17.6 Mtpa)","NextDecade Q1 2026 update (first LNG 1H 2027); Federal Register May 2026 (T1 completion Q4 2027)"
Rio Grande T4-T5,US,under construction,12.0,2030,2031,yes,"IGU WLR 2026 (Rio Grande Phase 2 12.0 Mtpa)","NextDecade: T4 guaranteed substantial completion 2H 2030, T5 1H 2031"
CP2 Phase 1,US,under construction,14.4,2027,2028,yes,"IGU WLR 2026 (CP2 14.4 Mtpa FID 2025)","VG Q2 2026 deck: first LNG H2 2027"
Woodside Louisiana LNG T1-T3,US,under construction,16.5,2029,2030,yes,"Woodside ASX Apr 2025 (16.5 Mtpa)","Woodside: first LNG 2029"
Qatar North Field East,Qatar,under construction,32.0,2027,2028,yes,"IGU WLR 2026 / QatarEnergy (32 Mtpa, four 8 Mtpa trains)","Reuters via BOE Report 7 Oct 2026 and OGJ: first train ready Nov 2026, production 1H 2027"
Qatar North Field South,Qatar,under construction,16.0,2028,2029,yes,"QatarEnergy (16 Mtpa, two trains)","QatarEnergy CEO (via OGJ/NGI 2026): output to begin 2028"
LNG Canada T2,Canada,started Nov 2025,7.0,2026,2026,yes,"IGU WLR 2026 (LNG Canada 14 Mtpa; 7.0 added in 2025)","RBN / LNG Canada: Train 2 production from 6 Nov 2025 (full-year effect 2026)"
Woodfibre LNG,Canada,under construction,2.1,2027,2027,yes,"Woodfibre LNG (2.1 Mtpa)","NGI / gasworld: startup 2027"
Cedar LNG,Canada,under construction,3.3,2029,2029,yes,"Cedar LNG (3.3 Mtpa FLNG)","Cedar LNG / ConstructConnect: operations late 2028"
Energia Costa Azul Phase 1,Mexico,commissioning,3.25,2026,2027,yes,"Sempra (3.25 Mtpa)","Hydrocarbon Processing: first cargo 8 Jul 2026; compressor damage delayed full operations"
Scarborough / Pluto T2,Australia,commissioning,5.0,2027,2027,yes,"Woodside (Pluto Train 2, ~5 Mtpa)","Woodside: first LNG cargo Q4 2026"
Nigeria LNG Train 7,Nigeria,under construction,8.0,2028,2028,yes,"NLNG (adds 8 Mtpa: 22 to 30)","Reuters via CNBC Africa 2026: start-up by end-2027"
Ruwais LNG,UAE,under construction,9.6,2028,2029,yes,"ADNOC (9.6 Mtpa)","The National Jul 2026: T1 Q4 2028, T2 Q1 2029"
Mozambique LNG,Mozambique,under construction (restarted Jan 2026),13.1,2029,2030,yes,"TotalEnergies (13.1 Mtpa; IEA lists 18 bcm/yr)","TotalEnergies: first LNG 2029"
Coral Norte FLNG,Mozambique,under construction,3.6,2028,2028,yes,"IGU WLR 2026 (3.6 Mtpa FID 2025)","Club of Mozambique / Eni: start-up 2028"
Southern Energy FLNG (Hilli + MKII),Argentina,under construction,6.0,2027,2028,yes,"IGU WLR 2026 (6.0 Mtpa FID 2025)","Southern Energy / Golar: Hilli 2.45 Mtpa late 2027, MKII 3.5 Mtpa end-2028"
CP2 Phase 2,US,under construction (FID Mar 2026),14.6,2028,2030,no,"VG Q2 2026 deck (CP2 29 Mtpa total) less Phase 1 14.4","VG deck / IEA Q3-2026 GMR (peak capacity with commercial operations in 2H 2030)"
Commonwealth LNG,US,under construction (FID May 2026),9.5,2030,2030,no,"Caturus FID release (9.5 Mtpa)","Caturus: operations 2030"
Delfin FLNG 1,US,under construction (FID Jun 2026),4.4,2030,2030,no,"Delfin FID (4.4 Mtpa)","IEA Q3-2026 GMR / Delfin: start 2030"
Qatar North Field West,Qatar,pre-construction (probable),16.0,2032,2032,no,"QatarEnergy (16 Mtpa)","NGI 2026: first cargo slips to end-2031 (probable case only)"
VG CP2 expansion bolt-on,US,pre-FID (probable),10.0,2029,2029,no,"VG Q2 2026 deck (10 Mtpa)","VG deck: FID early 2027, first production late 2028 (probable case only)"
VG Plaquemines bolt-on Phase I,US,pre-FID (probable),6.4,2029,2030,no,"VG Q2 2026 deck (6.4 Mtpa)","VG deck: FID 1H 2027, first production 2029 (probable case only)"
Arctic LNG 2 remaining capacity,Russia,sanctioned (excluded),13.2,,,partly,"IGU WLR 2026","IEA Gas 2025 excludes Arctic LNG 2 from firm supply (sanctions); excluded here"
