type,strike,bid,ask,last,open_interest,volume
put,5,0.35,0.70,0.42,1905,310
put,7.5,1.05,1.25,1.10,108,40
put,10,2.00,2.40,2.10,1015,4
put,12.5,3.30,3.60,3.40,22,3
put,15,4.70,5.30,5.00,16,20
put,30,16.90,17.30,17.00,961,9
call,2.5,10.40,11.20,10.85,1,5
call,5,8.60,9.30,8.48,604,31
call,7.5,7.10,7.70,7.09,791,400
call,10,5.80,6.50,5.76,46,2
call,12.5,4.90,5.50,5.10,51,1
call,15,4.10,4.60,4.59,35,9
call,17.5,3.40,4.10,3.90,7,1
call,20,2.90,3.50,2.81,298,10
call,25,2.15,2.60,2.40,137,5
call,30,1.60,1.95,1.98,647,2
# Yahoo Finance option chain, expiry 19 Jan 2029, pulled 19:51 UTC 8 Oct 2026 with VG at 13.205; ^IRX 4.043, ^FVX 4.991
