date,vg_adjclose,lng_adjclose,spy_adjclose
2025-01-24,23.7067,228.1066,596.2562
2025-01-27,19.6864,220.8264,587.8219
2025-01-28,19.7556,222.8038,592.8727
2025-01-29,19.7062,224.3484,590.2150
2025-01-30,20.1309,226.4734,593.3826
2025-01-31,20.2001,220.0295,590.2247
2025-02-03,21.1780,225.8438,586.2527
2025-02-04,20.2001,224.3189,590.1855
2025-02-05,19.4395,226.8572,592.5784
2025-02-06,17.2664,215.0809,594.6380
2025-02-07,17.3256,214.4400,589.1949
2025-02-10,16.9997,218.4237,593.1964
2025-02-11,16.2984,216.1459,593.6475
2025-02-12,15.0439,206.4035,591.7350
2025-02-13,15.1031,207.0642,597.9824
2025-02-14,15.7650,210.5450,597.9529
2025-02-18,16.7231,212.6454,599.7084
2025-02-19,15.9131,215.7613,601.1207
2025-02-20,16.3379,223.7583,598.6198
2025-02-21,15.1822,218.0786,588.3809
2025-02-24,14.9945,216.7178,585.7036
2025-02-25,13.9376,213.0299,582.7907
2025-02-26,14.0265,215.9388,583.0850
2025-02-27,13.7499,216.8657,573.7778
2025-02-28,14.9056,225.3755,582.7319
2025-03-03,13.7400,217.7729,572.5225
2025-03-04,13.6017,216.9150,565.7455
2025-03-05,14.0561,214.5287,571.8262
2025-03-06,8.9888,212.4087,561.6756
2025-03-07,9.1172,217.1320,564.8237
2025-03-10,8.8569,211.4128,549.7792
2025-03-11,9.5694,208.4250,545.2090
2025-03-12,10.1434,212.1622,548.1022
2025-03-13,9.5793,208.6025,540.7958
2025-03-14,10.5986,215.4852,551.9663
2025-03-17,11.1726,219.4196,556.2227
2025-03-18,10.7768,220.9086,550.2108
2025-03-19,11.0835,224.1035,556.2030
2025-03-20,11.6575,227.0222,554.5947
2025-03-21,11.4893,223.6696,554.7776
2025-03-24,11.4497,230.3354,564.7128
2025-03-25,11.3507,228.7675,566.0704
2025-03-26,11.1231,229.2113,559.3124
2025-03-27,10.5393,223.6301,557.8271
2025-03-28,9.8465,223.0779,546.5934
2025-03-31,10.1929,228.1759,550.2625
2025-04-01,9.8960,227.7322,551.8167
2025-04-02,9.8564,231.3510,555.3088
2025-04-03,8.8866,217.0038,527.9428
2025-04-04,7.4022,194.5017,497.0354
2025-04-07,6.9272,199.3827,496.1501
2025-04-08,7.7387,202.3015,488.3791
2025-04-09,8.6392,214.7950,539.6683
2025-04-10,7.7288,209.8745,516.0205
2025-04-11,8.1939,217.2404,525.2278
2025-04-14,8.3324,218.5617,530.3232
2025-04-15,8.2038,223.7879,528.8378
2025-04-16,8.7877,224.2809,517.0829
2025-04-17,8.5304,228.2252,517.8206
2025-04-21,8.4611,220.2282,505.4951
2025-04-22,8.5106,226.5982,518.6470
2025-04-23,8.8767,224.9120,526.6837
2025-04-24,8.6194,229.0338,537.7698
2025-04-25,8.5403,229.9311,541.6553
2025-04-28,8.5403,234.2895,541.8619
2025-04-29,8.5106,234.5163,545.2752
2025-04-30,8.3028,227.8899,545.4917
2025-05-01,8.6095,227.2786,549.3575
2025-05-02,8.7283,232.5047,557.5123
2025-05-05,8.4611,232.2286,554.3153
2025-05-06,8.6095,231.1933,549.6822
2025-05-07,8.9064,235.4334,551.9938
2025-05-08,9.0648,234.0036,555.8400
2025-05-09,9.2528,231.0292,555.1318
2025-05-12,9.8070,227.7486,573.4775
2025-05-13,10.6085,229.9620,577.2646
2025-05-14,10.0544,230.4858,578.0024
2025-05-15,9.7377,232.9265,580.8256
2025-05-16,9.6882,232.2842,584.5046
2025-05-19,10.0049,230.4462,585.1439
2025-05-20,10.2919,230.1893,583.1766
2025-05-21,10.2919,226.5925,573.3496
2025-05-22,10.8658,225.8019,573.5759
2025-05-23,11.2716,226.4047,569.6608
2025-05-27,12.2513,228.9146,581.5043
2025-05-28,11.8554,230.8514,578.1400
2025-05-29,11.7268,229.0628,580.4222
2025-05-30,11.4497,234.1814,579.7730
2025-06-02,11.6674,240.3475,583.0389
2025-06-03,14.1315,241.4344,586.3637
2025-06-04,14.7550,238.0352,586.2064
2025-06-05,13.9633,240.9997,583.3733
2025-06-06,15.0617,240.2091,589.3640
2025-06-09,15.5763,226.0687,589.8951
2025-06-10,16.8810,227.4225,593.2397
2025-06-11,16.6037,232.2150,591.5477
2025-06-12,16.5541,232.2545,593.8987
2025-06-13,17.4754,235.5154,587.2588
2025-06-16,17.2377,230.8415,592.8462
2025-06-17,17.5448,233.1933,587.7802
2025-06-18,18.1095,232.2743,587.6916
2025-06-20,18.8327,232.1656,586.3115
2025-06-23,16.3857,229.7743,592.1028
2025-06-24,16.5640,237.1064,598.6438
2025-06-25,16.0093,233.5194,598.9793
2025-06-26,16.6136,239.2210,603.6656
2025-06-27,15.5436,237.1558,606.6648
2025-06-30,15.4347,240.6340,609.5654
2025-07-01,14.7808,233.2427,609.3682
2025-07-02,15.3158,237.4226,612.1306
2025-07-03,15.4148,236.7803,616.9550
2025-07-07,15.0186,235.7328,612.3574
2025-07-08,15.6130,233.9739,612.0220
2025-07-09,16.2668,233.1636,615.6921
2025-07-10,16.7027,231.4541,617.4285
2025-07-11,17.7132,232.4423,615.2581
2025-07-14,16.6235,238.6676,616.4321
2025-07-15,16.4055,232.5411,613.7979
2025-07-16,16.1479,228.7664,615.8500
2025-07-17,16.1281,228.9245,619.6187
2025-07-18,15.7517,241.3850,619.1650
2025-07-21,15.0285,223.7565,620.3390
2025-07-22,14.9195,220.0410,620.4277
2025-07-23,14.6223,220.6438,625.7061
2025-07-24,14.3251,223.1241,625.9133
2025-07-25,14.4242,222.6991,628.5573
2025-07-28,15.0285,225.7723,628.3994
2025-07-29,15.5238,232.2150,626.7419
2025-07-30,15.2167,230.5253,625.9527
2025-07-31,15.1870,233.0846,623.6046
2025-08-01,14.7808,235.4858,613.3835
2025-08-04,14.7907,239.1419,622.7067
2025-08-05,14.6322,236.7901,619.5496
2025-08-06,14.1963,233.1142,624.2952
2025-08-07,13.5425,232.4818,623.7722
2025-08-08,12.2348,228.5802,628.6362
2025-08-11,11.9574,227.8078,627.3931
2025-08-12,12.0664,227.5305,634.0723
2025-08-13,13.5128,229.0357,636.2429
2025-08-14,13.5821,230.3627,636.3020
2025-08-15,12.3735,227.8969,634.8123
2025-08-18,12.2645,227.6989,634.6741
2025-08-19,12.1357,228.1544,631.2309
2025-08-20,12.4428,233.7097,629.5537
2025-08-21,12.6509,238.2649,627.0280
2025-08-22,12.7400,235.2446,636.6572
2025-08-25,13.2255,237.0172,633.8552
2025-08-26,12.7598,239.2254,636.5092
2025-08-27,12.8787,239.2452,637.9595
2025-08-28,12.7004,239.7800,640.2188
2025-08-29,12.8787,239.4631,636.4006
2025-09-02,12.8787,238.5125,631.6848
2025-09-03,12.6013,237.0568,635.1083
2025-09-04,12.7499,234.6604,640.4161
2025-09-05,12.7202,233.4819,638.5613
2025-09-08,13.4335,231.1153,640.1299
2025-09-09,13.1660,232.1253,641.6099
2025-09-10,13.8397,234.7297,643.4647
2025-09-11,13.6217,234.7594,648.8120
2025-09-12,13.4731,233.7889,648.5949
2025-09-15,13.5227,230.5508,652.0480
2025-09-16,13.9685,232.6105,651.1502
2025-09-17,13.8199,233.0265,650.3412
2025-09-18,13.7109,232.0560,653.3799
2025-09-19,13.1425,229.2437,656.6160
2025-09-22,14.1047,228.5505,659.7225
2025-09-23,14.4518,232.6204,656.1313
2025-09-24,14.4122,234.3039,654.0437
2025-09-25,14.6304,235.3040,651.0263
2025-09-26,14.7097,236.1061,654.7561
2025-09-29,14.1047,233.1651,656.5963
2025-09-30,14.0749,232.6897,659.0695
2025-10-01,14.6006,229.8477,661.3154
2025-10-02,13.6682,229.5308,662.0770
2025-10-03,13.8369,230.0161,662.0673
2025-10-06,13.8369,230.9865,664.4416
2025-10-07,12.7954,233.0462,661.9781
2025-10-08,12.9243,233.4424,665.9255
2025-10-09,12.4780,229.1249,663.9963
2025-10-10,9.3734,225.1539,646.0500
2025-10-13,8.9667,224.7875,655.9630
2025-10-14,8.9270,224.0152,655.1616
2025-10-15,9.0659,223.0348,658.0703
2025-10-16,9.0560,217.9251,653.5887
2025-10-17,8.8080,216.8259,657.2986
2025-10-20,9.2147,219.1629,664.1349
2025-10-21,9.5321,220.0541,664.1250
2025-10-22,9.4626,222.2723,660.6722
2025-10-23,9.5618,219.3807,664.5900
2025-10-24,9.4130,217.4497,670.0214
2025-10-27,9.2841,217.6577,677.9261
2025-10-28,9.3138,213.8947,679.7266
2025-10-29,8.7286,209.0722,680.0532
2025-10-30,8.5104,209.4584,672.5739
2025-10-31,8.5005,209.9337,674.7800
2025-11-03,8.2922,207.5670,676.0464
2025-11-04,7.9054,204.7349,668.0328
2025-11-05,7.6871,203.6258,670.3478
2025-11-06,7.6871,206.0024,663.1555
2025-11-07,7.9252,206.4244,663.8083
2025-11-10,8.4211,210.0485,674.1666
2025-11-11,7.4689,210.4953,675.7100
2025-11-12,8.0641,212.0343,676.0859
2025-11-13,7.7963,211.7861,664.8670
2025-11-14,7.9153,213.6627,664.7581
2025-11-17,8.0442,213.6825,658.5650
2025-11-18,7.8359,210.9521,653.0346
2025-11-19,7.7070,208.1322,655.5574
2025-11-20,7.0920,206.6925,645.5652
2025-11-21,7.1912,204.0414,651.9959
2025-11-24,6.9829,203.1280,661.5923
2025-11-25,6.8341,203.4556,667.8152
2025-11-26,7.0722,204.3294,672.4255
2025-11-28,7.3995,206.9805,676.0959
2025-12-01,6.8242,209.1946,673.0092
2025-12-02,6.5762,207.7946,674.2557
2025-12-03,6.8341,206.9805,676.5906
2025-12-04,6.9631,206.4244,677.0851
2025-12-05,6.7647,204.2301,678.3713
2025-12-08,6.5465,199.3748,676.3333
2025-12-09,6.5762,197.3096,675.7496
2025-12-10,6.0208,191.5408,680.2313
2025-12-11,6.1894,190.2401,681.8141
2025-12-12,6.1001,188.0160,674.4833
2025-12-15,5.8982,187.4898,673.4642
2025-12-16,5.8883,187.9366,671.6241
2025-12-17,5.9082,188.9990,664.2338
2025-12-18,6.0275,188.5025,669.2497
2025-12-19,6.3160,188.4132,675.3154
2025-12-22,6.5746,188.0259,679.5225
2025-12-23,6.9923,190.3394,682.6282
2025-12-24,7.1912,188.9791,685.0295
2025-12-26,6.9127,187.9664,684.9600
2025-12-29,6.9824,191.2330,682.5190
2025-12-30,6.9724,192.0670,681.6856
2025-12-31,6.7834,193.0103,676.6350
2026-01-02,7.0023,196.3961,677.8754
2026-01-05,6.7934,197.3096,682.3901
2026-01-06,6.9227,193.2089,686.4484
2026-01-07,6.7834,194.6784,684.2357
2026-01-08,7.4797,195.1053,684.1662
2026-01-09,7.1912,192.8018,688.6909
2026-01-12,7.3404,192.0670,689.7723
2026-01-13,7.8378,192.3153,688.3932
2026-01-14,7.8775,198.3025,685.0096
2026-01-15,7.9173,201.3010,686.8751
2026-01-16,8.7528,205.2329,686.2995
2026-01-20,8.4345,201.5989,672.3287
2026-01-21,9.0015,205.8287,680.0880
2026-01-22,9.4789,205.3223,683.6403
2026-01-23,9.8270,205.8783,683.8883
2026-01-26,9.3297,205.0443,687.3612
2026-01-27,8.8622,204.2698,690.0999
2026-01-28,9.4590,206.5634,690.0303
2026-01-29,9.6182,211.4783,688.6611
2026-01-30,9.7475,210.0187,686.6071
2026-02-02,8.9716,206.2854,690.0204
2026-02-03,9.4292,209.4627,684.1860
2026-02-04,9.5585,212.3421,680.8719
2026-02-05,9.2700,209.0457,672.3683
2026-02-06,9.8469,212.1567,685.2676
2026-02-09,10.1155,214.6853,688.5718
2026-02-10,10.0856,217.3932,686.7560
2026-02-11,9.7276,218.4285,686.5972
2026-02-12,9.2303,216.7162,675.9901
2026-02-13,9.3098,219.8023,676.4663
2026-02-17,8.7230,218.0303,677.5578
2026-02-18,9.4988,222.7192,680.9711
2026-02-19,9.8370,225.1782,679.1752
2026-02-20,9.6381,225.4569,684.0868
2026-02-23,9.3794,222.3509,677.1014
2026-02-24,9.2999,219.9716,682.0229
2026-02-25,9.2601,219.6928,687.7781
2026-02-26,9.4192,231.4699,683.9578
2026-02-27,9.6381,234.6755,680.6735
2026-03-02,11.3190,247.8165,681.0605
2026-03-03,11.3986,244.9693,675.0574
2026-03-04,11.1002,247.8662,679.8201
2026-03-05,12.2142,248.4237,676.0297
2026-03-06,12.4131,254.0087,667.1689
2026-03-09,11.4483,249.6781,673.0134
2026-03-10,11.3389,244.6606,671.9317
2026-03-11,12.3932,249.2003,671.0884
2026-03-12,12.7015,252.7045,660.8979
2026-03-13,13.0298,251.1415,657.1572
2026-03-16,12.2310,250.1659,663.8450
2026-03-17,12.9182,250.3750,665.5912
2026-03-18,14.7907,265.0291,656.3038
2026-03-19,14.2330,280.6091,654.6865
2026-03-20,15.7469,279.6335,645.3010
2026-03-23,15.7369,285.9153,652.0767
2026-03-24,16.5337,293.2622,649.8878
2026-03-25,16.6433,283.1179,653.5095
2026-03-26,16.7529,290.0965,641.8386
2026-03-27,17.4600,295.5818,630.8940
2026-03-30,16.8226,292.3265,628.7847
2026-03-31,15.6971,282.4907,647.0621
2026-04-01,14.6214,274.6061,651.9374
2026-04-02,14.5816,279.9023,652.5245
2026-04-06,15.8764,282.7794,655.6088
2026-04-07,15.9262,282.9984,655.8973
2026-04-08,14.3824,273.9789,672.6027
2026-04-09,12.9381,264.5811,676.4830
2026-04-10,12.9182,264.3522,676.0353
2026-04-13,12.6991,260.4298,682.6418
2026-04-14,12.4601,258.5184,690.9597
2026-04-15,12.1314,255.6015,696.4121
2026-04-16,12.6294,261.5647,698.1234
2026-04-17,11.4143,249.9469,706.5607
2026-04-20,11.4043,251.2212,705.1478
2026-04-21,12.0417,256.6269,700.5313
2026-04-22,12.2907,256.3282,707.6253
2026-04-23,12.8983,256.0395,704.8792
2026-04-24,11.8525,255.9400,710.3415
2026-04-27,12.1413,258.2396,711.5654
2026-04-28,12.1115,263.7947,708.1029
2026-04-29,13.1075,271.0122,707.9934
2026-04-30,13.2170,273.7201,715.0377
2026-05-01,12.6792,268.8519,717.0177
2026-05-04,13.7150,271.6295,714.3910
2026-05-05,12.9680,268.3144,720.1220
2026-05-06,11.9521,260.2506,730.1313
2026-05-07,11.6433,245.6761,727.8926
2026-05-08,11.4043,239.0359,733.9022
2026-05-11,11.5736,240.1785,735.5737
2026-05-12,13.2170,243.7806,734.4594
2026-05-13,12.9481,238.8613,738.5685
2026-05-14,12.9581,240.5576,744.3990
2026-05-15,14.1732,241.3160,735.4444
2026-05-18,14.1134,247.2032,734.9270
2026-05-19,14.7210,246.2353,730.0317
2026-05-20,13.9740,243.1320,737.5139
2026-05-21,13.5059,239.9290,738.9764
2026-05-22,13.7748,240.3281,741.8818
2026-05-26,12.8385,233.5429,746.8068
2026-05-27,12.3206,230.4695,746.6774
2026-05-28,12.4899,229.0726,750.7966
2026-05-29,11.9919,224.3728,752.6671
2026-06-01,12.6294,227.3862,754.7167
2026-06-02,12.3206,235.4986,755.7416
2026-06-03,12.4700,234.8600,750.4384
2026-06-04,13.1075,240.5477,753.2740
2026-06-05,12.7489,238.3025,733.8325
2026-06-08,12.7887,236.0973,735.4941
2026-06-09,12.4202,238.8813,733.3351
2026-06-10,13.2369,241.2860,721.7736
2026-06-11,12.6991,239.6197,734.0415
2026-06-12,13.0278,240.7572,738.0114
2026-06-15,11.6694,234.7403,751.0255
2026-06-16,11.0610,230.3598,746.5482
2026-06-17,11.0211,230.9086,737.2253
2026-06-18,10.9911,226.5381,744.8903
2026-06-22,11.2305,230.3498,742.5461
2026-06-23,11.1806,233.7125,731.7629
2026-06-24,10.4825,230.3598,731.4237
2026-06-25,10.8016,234.5906,732.4811
2026-06-26,10.9213,241.1164,727.1843
2026-06-29,11.1208,243.4414,739.1645
2026-06-30,11.1008,238.4921,744.9202
2026-07-01,11.0011,243.3915,743.9127
2026-07-02,11.1008,245.4370,742.9352
2026-07-06,10.8216,245.5568,749.4191
2026-07-07,11.5596,254.4475,745.8579
2026-07-08,12.3476,260.3746,743.5536
2026-07-09,12.4972,260.7238,749.8480
2026-07-10,12.2079,258.0796,753.0800
2026-07-13,13.3250,262.7195,747.3143
2026-07-14,13.1953,264.4557,749.9677
2026-07-15,12.8762,255.2757,752.9403
2026-07-16,12.6368,258.4388,748.8604
2026-07-17,13.7639,262.0310,741.4488
2026-07-20,14.2526,264.3759,740.2518
2026-07-21,14.0232,262.0210,746.4265
2026-07-22,14.7812,266.8206,745.5586
2026-07-23,15.1203,271.4006,736.3515
2026-07-24,14.2725,269.1356,737.0996
2026-07-27,12.7864,255.3256,737.2593
2026-07-28,12.1381,251.6336,739.0248
2026-07-29,13.0158,258.0496,727.6531
2026-07-30,13.2053,257.5008,739.8528
2026-07-31,13.3450,262.9989,745.1796
2026-08-03,13.0457,257.5208,755.7932
2026-08-04,12.8064,256.7325,769.4194
2026-08-05,12.3974,254.2080,767.8832
2026-08-06,13.5444,265.1941,766.6563
2026-08-07,13.2253,255.5850,771.3446
2026-08-10,14.2226,265.6800,771.1152
2026-08-11,13.1854,265.4300,768.6513
2026-08-12,13.6841,268.1100,770.5765
2026-08-13,13.5045,266.4800,775.9532
2026-08-14,13.9534,271.6400,774.4170
2026-08-17,13.7140,266.9300,770.7560
2026-08-18,14.1628,273.7800,765.5490
2026-08-19,13.7539,274.3000,767.1550
2026-08-20,14.2526,279.1700,760.7110
2026-08-21,14.1728,277.5100,763.8232
2026-08-24,14.3523,280.7900,761.5788
2026-08-25,14.0331,278.8000,764.0128
2026-08-26,14.2625,284.0800,764.1824
2026-08-27,14.4421,280.8000,769.1899
2026-08-28,14.1429,282.3300,767.4443
2026-08-31,14.6017,291.6900,765.1500
2026-09-01,15.0704,294.1300,759.8931
2026-09-02,14.6914,295.8600,763.2646
2026-09-03,14.4421,290.8500,771.2548
2026-09-04,14.3822,292.0000,768.2822
2026-09-08,14.6914,276.0200,764.0627
2026-09-09,15.2499,275.9300,760.5115
2026-09-10,15.4594,277.8400,755.9528
2026-09-11,15.7586,278.3400,762.3968
2026-09-14,15.2300,274.2800,758.9952
2026-09-15,15.2900,270.9800,755.5139
2026-09-16,14.6500,267.7500,752.1822
2026-09-17,14.4200,269.8500,760.7110
2026-09-18,14.0200,268.3400,761.6900
2026-09-21,13.6600,274.9800,773.5000
2026-09-22,12.9100,272.9600,773.3800
2026-09-23,13.2700,273.6100,767.8100
2026-09-24,13.2300,276.2800,767.1800
2026-09-25,12.6200,268.5400,771.3500
2026-09-28,12.8900,269.6500,765.6100
2026-09-29,12.5400,267.2900,764.2000
2026-09-30,12.6400,269.0300,762.6300
2026-10-01,12.7700,272.4000,763.9900
2026-10-02,13.1300,269.9500,769.6400
2026-10-05,13.4500,274.9300,774.8300
2026-10-06,13.5100,275.2600,779.0900
2026-10-07,13.0500,272.2000,777.2200
