month,ttf_imf_usd_mmbtu,henry_hub_usd_mmbtu
2010-01,7.59,5.83
2010-02,7.59,5.32
2010-03,7.59,4.29
2010-04,8.35,4.03
2010-05,7.87,4.14
2010-06,8.06,4.80
2010-07,8.48,4.63
2010-08,8.57,4.32
2010-09,8.49,3.89
2010-10,8.64,3.43
2010-11,8.71,3.71
2010-12,8.73,4.25
2011-01,9.19,4.49
2011-02,9.14,4.09
2011-03,9.12,3.97
2011-04,10.03,4.24
2011-05,10.02,4.31
2011-06,10.00,4.54
2011-07,11.20,4.42
2011-08,11.11,4.06
2011-09,11.11,3.90
2011-10,12.11,3.57
2011-11,12.02,3.24
2011-12,12.11,3.17
2012-01,12.33,2.67
2012-02,12.22,2.51
2012-03,12.51,2.17
2012-04,12.57,1.95
2012-05,12.57,2.43
2012-06,12.56,2.46
2012-07,11.38,2.95
2012-08,11.40,2.84
2012-09,11.38,2.85
2012-10,11.57,3.32
2012-11,11.64,3.54
2012-12,11.64,3.34
2013-01,11.39,3.33
2013-02,11.36,3.33
2013-03,11.36,3.81
2013-04,11.64,4.17
2013-05,11.41,4.04
2013-06,11.32,3.83
2013-07,10.98,3.62
2013-08,10.97,3.43
2013-09,10.96,3.62
2013-10,10.93,3.68
2013-11,10.96,3.64
2013-12,10.99,4.24
2014-01,10.90,4.71
2014-02,10.83,6.00
2014-03,10.69,4.90
2014-04,10.79,4.66
2014-05,10.64,4.58
2014-06,10.52,4.59
2014-07,9.40,4.05
2014-08,10.38,3.91
2014-09,10.40,3.92
2014-10,10.40,3.78
2014-11,10.16,4.12
2014-12,10.45,3.48
2015-01,9.50,2.99
2015-02,9.29,2.87
2015-03,9.29,2.83
2015-04,7.39,2.61
2015-05,7.37,2.85
2015-06,7.30,2.78
2015-07,6.68,2.84
2015-08,6.66,2.77
2015-09,6.49,2.66
2015-10,6.01,2.34
2015-11,5.87,2.09
2015-12,5.81,1.93
2016-01,5.09,2.28
2016-02,4.79,1.99
2016-03,4.09,1.73
2016-04,4.02,1.92
2016-05,3.99,1.92
2016-06,4.04,2.59
2016-07,4.30,2.82
2016-08,4.25,2.82
2016-09,3.96,2.99
2016-10,4.01,2.98
2016-11,4.54,2.55
2016-12,5.16,3.59
2017-01,6.28,3.30
2017-02,6.10,2.85
2017-03,4.95,2.88
2017-04,5.04,3.10
2017-05,5.08,3.15
2017-06,4.98,2.98
2017-07,5.10,2.98
2017-08,5.54,2.90
2017-09,6.04,2.98
2017-10,5.89,2.88
2017-11,6.73,3.01
2017-12,7.21,2.82
2018-01,6.65,3.87
2018-02,7.84,2.67
2018-03,8.54,2.69
2018-04,7.06,2.80
2018-05,7.46,2.80
2018-06,7.50,2.97
2018-07,7.62,2.83
2018-08,8.10,2.96
2018-09,9.52,3.00
2018-10,8.60,3.28
2018-11,8.20,4.09
2018-12,7.89,4.04
2019-01,7.16,3.11
2019-02,5.99,2.69
2019-03,5.20,2.95
2019-04,4.95,2.65
2019-05,4.36,2.64
2019-06,3.48,2.40
2019-07,3.60,2.37
2019-08,3.27,2.22
2019-09,3.09,2.56
2019-10,3.34,2.33
2019-11,4.78,2.65
2019-12,4.24,2.22
2020-01,3.63,2.02
2020-02,3.00,1.91
2020-03,2.79,1.79
2020-04,2.08,1.74
2020-05,1.46,1.75
2020-06,1.65,1.63
2020-07,1.64,1.76
2020-08,2.61,2.30
2020-09,3.85,1.92
2020-10,4.81,2.39
2020-11,4.78,2.61
2020-12,5.83,2.58
2021-01,7.30,2.71
2021-02,6.17,5.35
2021-03,6.21,2.62
2021-04,7.28,2.66
2021-05,9.00,2.91
2021-06,10.32,3.26
2021-07,12.52,3.84
2021-08,15.28,4.07
2021-09,22.23,5.16
2021-10,29.81,5.51
2021-11,27.38,5.05
2021-12,37.36,3.76
2022-01,27.89,4.38
2022-02,26.98,4.69
2022-03,41.73,4.90
2022-04,31.99,6.60
2022-05,27.46,8.14
2022-06,32.91,7.70
2022-07,51.15,7.28
2022-08,69.98,8.81
2022-09,55.18,7.88
2022-10,20.81,5.66
2022-11,28.79,5.45
2022-12,35.37,5.53
2023-01,19.89,3.27
2023-02,16.74,2.38
2023-03,13.87,2.31
2023-04,13.68,2.16
2023-05,9.97,2.15
2023-06,10.29,2.18
2023-07,9.61,2.55
2023-08,10.72,2.58
2023-09,11.43,2.64
2023-10,13.39,2.98
2023-11,13.71,2.71
2023-12,11.30,2.52
2024-01,9.53,3.18
2024-02,8.10,1.72
2024-03,8.51,1.49
2024-04,9.13,1.60
2024-05,10.11,2.12
2024-06,10.81,2.54
2024-07,10.24,2.07
2024-08,12.19,1.99
2024-09,11.75,2.28
2024-10,12.76,2.20
2024-11,13.81,2.12
2024-12,13.76,3.01
2025-01,14.76,4.13
2025-02,15.38,4.19
2025-03,13.16,4.12
2025-04,11.57,3.42
2025-05,11.62,3.12
2025-06,12.30,3.02
2025-07,11.47,3.20
2025-08,10.98,2.91
2025-09,11.00,2.97
2025-10,10.90,3.19
2025-11,10.36,3.79
2025-12,9.46,4.26
