plant,tranche,mtpa,tenor,start,source
Calcasieu,post-COD long-term SPAs (6 contracts),8.5,20 years,COD 15 Apr 2025,FY2025 10-K
Calcasieu,post-COD medium-term SPAs,1.5,3-5 years,COD 15 Apr 2025,FY2025 10-K
Calcasieu,excess to VG Commodities (intercompany),1.2,20 years,COD 15 Apr 2025,FY2025 10-K
Plaquemines Phase 1,post-COD long-term SPAs (5 contracts),13.0,20 years,COD targeted Q4 2026,FY2025 10-K
Plaquemines Phase 1,post-COD medium-term SPA,0.3,3 years,COD targeted Q4 2026,FY2025 10-K
Plaquemines Phase 2,post-COD long-term SPAs (7 contracts),6.7,20 years,COD targeted mid-2027,FY2025 10-K
Plaquemines,excess to VG Commodities (intercompany),8.0,20 years,post-COD,FY2025 10-K
CP2,third-party SPAs,19.0,mostly 20 years,COD 2029 (Ph1) and 2030 (Ph2) per 10-Q RPO note,slide 22 and 24; Q2 2026 10-Q
VG Commodities,five-year SPAs signed 2026,3.8,5 years,2026,slide 24; Q2 2026 10-Q
