issuer,series,principal_usd_m,coupon_pct,maturity,maturity_note,source
VGLNG,2028,2250,8.125,2028-06-01,,FY2025 10-K (redeemed June 2026; in Dec 2025 set only)
VGLNG,2029,3000,9.500,2029-02-01,,FY2025 10-K
VGLNG,2030,1500,7.000,2030-01-15,,FY2025 10-K
VGLNG,2031,2250,8.375,2031-06-01,,FY2025 10-K
VGLNG,2032,2000,9.875,2032-02-01,,FY2025 10-K
VGLNG,2034,1125,6.375,2034-12-01,day assumed (10-Q: due December 2034),Q2 2026 10-Q (issued June 2026; Jun 2026 set only)
VGLNG,2036,1125,6.625,2036-06-01,day assumed (10-Q: due June 2036),Q2 2026 10-Q (issued June 2026; Jun 2026 set only)
VGCP,2029,1250,3.875,2029-08-15,,FY2025 10-K
VGCP,2030,1000,6.250,2030-01-15,month assumed,FY2025 10-K
VGCP,2031,1250,4.125,2031-08-15,,FY2025 10-K
VGCP,2033,1250,3.875,2033-11-01,,FY2025 10-K
VGCP,2036,750,6.000,2036-05-01,day assumed (10-Q: due May 2036),Q2 2026 10-Q (issued April 2026; Jun 2026 set only)
VGPL,2030,1750,6.125,2030-12-15,,FY2025 10-K
VGPL,2033,1250,7.500,2033-05-01,month assumed,FY2025 10-K
VGPL,Jan2034,2000,6.500,2034-01-15,day assumed,FY2025 10-K
VGPL,Jun2034,1250,6.500,2034-06-15,,FY2025 10-K
VGPL,2035,1250,7.750,2035-05-01,month assumed,FY2025 10-K
VGPL,2036,2000,6.750,2036-01-15,month assumed,FY2025 10-K
Other,2029,84,6.000,2029-06-30,coupon and date assumed (small),Q2 2026 10-Q
