item,value_usd_mmbtu,source
Consolidated implied liquefaction fee Q2 2025,5.58,Q2 2026 10-Q and slide 7
Consolidated implied liquefaction fee Q2 2026,6.45,Q2 2026 10-Q and slide 7
Consolidated implied liquefaction fee FY2025,5.87,FY2025 10-K and slide 7
Consolidated contracted 2026 weighted fee,5.05,slide 7
Calcasieu fee Q2 2025,3.13,slide 20
Calcasieu fee Q2 2026,2.44,slide 20
Calcasieu fee FY2025,3.92,slide 20
Calcasieu fixed liquefaction fee FY2024 (commissioning),7.15,FY2025 10-K
Calcasieu contracted 2026 weighted fee (95% of potential cargos),2.36,slide 20
Plaquemines fee Q2 2025,7.40,slide 21
Plaquemines fee Q2 2026,8.12,slide 21
Plaquemines fee FY2025,7.09,slide 21
Plaquemines contracted 2026 weighted fee (90% of potential cargos),6.25,slide 21
Assumed fee on unsold 2026 cargos low,12.50,Q2 release and slide 16
Assumed fee on unsold 2026 cargos high,13.50,Q2 release and slide 16
Historical implied US fee mean Jan 2010-Jun 2026,6.41,slide 12 (JKM less 1.15 x Henry Hub less $2)
Historical implied US fee median Jan 2010-Jun 2026,5.19,slide 12
