segment,period,revenue_musd,cost_of_sales_musd,om_musd,ga_musd,development_musd,da_musd,income_from_operations_musd
Calcasieu,Q2 2026,717,509,91,4,0,46,67
Plaquemines,Q2 2026,3766,1220,139,19,8,168,2212
CP2,Q2 2026,0,0,32,24,-1,0,-55
Sales and shipping,Q2 2026,1843,1520,91,2,0,19,211
Corporate other eliminations,Q2 2026,-1748,-1589,-18,63,16,27,-247
Calcasieu,Q2 2025,935,596,87,4,0,65,183
Plaquemines,Q2 2025,2095,882,91,15,9,177,921
CP2,Q2 2025,0,0,-1,7,22,0,-28
Sales and shipping,Q2 2025,488,369,47,0,0,8,64
Corporate other eliminations,Q2 2025,-417,-428,-7,77,26,17,-102
Calcasieu,H1 2026,1802,1288,166,8,0,91,249
Plaquemines,H1 2026,7159,3264,244,36,26,336,3253
CP2,H1 2026,0,0,54,40,11,0,-105
Sales and shipping,H1 2026,2661,2148,163,3,0,37,310
Corporate other eliminations,H1 2026,-2445,-2256,-22,122,32,47,-368
Calcasieu,H1 2025,2573,1132,218,8,0,130,1085
Plaquemines,H1 2025,3281,1422,165,31,19,308,1336
CP2,H1 2025,1,0,0,21,171,0,-191
Sales and shipping,H1 2025,969,761,96,2,0,14,96
Corporate other eliminations,H1 2025,-829,-837,-10,146,49,31,-208
