year,avg_capacity,trade,utilisation,trend_demand,surplus,model_regime,fee_ttf_basis,paid_regime,outside_shock
2015,299.8,244.8,0.8167,257.5,-0.0223,shortage,2.28,balanced,False
2016,320.6,258.0,0.8047,272.7,-0.0123,balanced,-0.54,glut,False
2017,354.4,293.1,0.8271,288.7,0.031,balanced,0.31,glut,False
2018,381.0,313.8,0.8236,305.7,0.047,balanced,2.27,balanced,False
2019,411.8,354.7,0.8614,323.6,0.0687,glut,-0.5,glut,False
2020,441.7,356.1,0.8062,342.6,0.0828,glut,-1.16,glut,False
2021,456.2,372.3,0.8161,362.8,0.0563,glut,9.41,shortage,True
2022,468.9,393.0,0.838,384.1,0.0255,balanced,28.14,shortage,True
2023,483.2,401.4,0.8307,406.7,-0.002,balanced,7.97,balanced,False
2024,491.2,411.24,0.8372,430.6,-0.0418,shortage,6.37,balanced,False
2025,509.4,437.0,0.8578,455.9,-0.0613,shortage,5.86,balanced,False
