Year,Supply: plants built or under construction,Supply: + new FIDs at the 2016-20 pace (20.6 Mtpa/yr),Supply: + new FIDs at the 2021-25 pace (41.2 Mtpa/yr),Demand: Shell path,Demand: midpoint,Demand: GECF path
2025,441,441,441,437,437,437
2026,415,415,415,448,456,464
2027,447,447,447,460,475,491
2028,545,545,545,471,495,518
2029,579,579,579,482,514,545
2030,623,623,623,494,533,572
2031,631,638,645,505,552,599
2032,627,651,675,517,571,626
2033,622,664,705,528,590,653
2034,618,677,736,539,610,680
2035,614,690,766,551,629,707
2036,610,703,796,562,643,724
2037,605,716,827,573,657,741
2038,601,729,857,585,672,758
2039,597,743,888,596,686,776
2040,593,756,919,607,700,793
2041,589,769,949,619,714,810
2042,585,783,980,630,729,827
2043,581,796,1011,642,743,844
2044,578,809,1041,653,757,861
2045,574,823,1072,664,771,879
2046,570,836,1103,676,786,896
2047,566,850,1134,687,800,913
2048,562,864,1165,698,814,930
2049,559,877,1196,710,828,947
