year,committed_nameplate_mtpa,supply_mt_no_new_fids,demand_shell,demand_midpoint,demand_gecf
2025,524.5,440.6,437.0,437.0,437.0
2026,544.4,414.7,448.4,456.2,464.0
2027,592.0,446.9,459.7,475.4,491.0
2028,672.6,545.5,471.1,494.5,518.0
2029,712.8,578.9,482.4,513.7,545.0
2030,758.9,622.7,493.8,532.9,572.0
2031,768.6,630.9,505.2,552.1,598.9
2032,763.4,626.6,516.5,571.2,625.9
2035,748.1,613.7,550.6,628.8,706.9
2040,723.7,593.2,607.4,700.1,792.8
2045,700.5,573.7,664.2,771.4,878.6
2049,682.7,558.7,709.7,828.5,947.3
