fid_rule,demand,legacy_decline,glut_yrs,balanced_yrs,shortage_yrs,shortage_share,flat_fee_balanced_3.90,flat_fee_balanced_7.00,shock_share,shock_fee,shock_p_fee_ge_4.49
empirical,Shell,0.0,18,0,0,0.0,1.0,1.0,0.0,1.0,0.0
empirical,Shell,0.01,18,0,0,0.0,1.0,1.0,0.0,1.0,0.0
empirical,Shell,0.02,18,0,0,0.0,1.0,1.0,0.0,1.0,0.0
empirical,midpoint,0.0,18,0,0,0.0,1.0,1.0,0.0,1.0,0.0
empirical,midpoint,0.01,18,0,0,0.0,1.0,1.0,0.0,1.0,0.0
empirical,midpoint,0.02,13,5,0,0.0,1.63,2.29,0.082,1.98,0.0
empirical,GECF,0.0,13,5,0,0.0,2.11,3.29,0.082,2.74,0.0
empirical,GECF,0.01,10,8,0,0.0,2.71,4.55,0.134,3.72,0.159
empirical,GECF,0.02,6,8,4,0.222,4.85,6.29,0.358,5.63,1.0
none,Shell,0.0,8,4,6,0.333,2.98,3.54,0.398,3.27,0.0
none,Shell,0.01,6,2,10,0.556,4.35,4.72,0.585,4.53,0.34
none,Shell,0.02,4,2,12,0.667,5.45,5.9,0.696,5.67,1.0
none,midpoint,0.0,2,3,13,0.722,6.35,7.13,0.77,6.76,1.0
none,midpoint,0.01,2,1,15,0.833,7.26,7.54,0.844,7.36,1.0
none,midpoint,0.02,1,2,15,0.833,7.55,8.15,0.863,7.84,1.0
none,GECF,0.0,0,1,17,0.944,8.97,9.31,0.955,9.09,1.0
none,GECF,0.01,0,1,17,0.944,8.97,9.31,0.955,9.09,1.0
none,GECF,0.02,0,1,17,0.944,8.97,9.31,0.963,9.18,1.0
foresight,Shell,0.0,8,10,0,0.0,2.01,3.1,0.171,2.62,0.0
foresight,Shell,0.01,6,12,0,0.0,2.36,3.81,0.205,3.17,0.004
foresight,Shell,0.02,4,14,0,0.0,2.78,4.68,0.24,3.84,0.142
foresight,midpoint,0.0,2,16,0,0.0,3.29,5.73,0.276,4.66,0.571
foresight,midpoint,0.01,2,16,0,0.0,3.29,5.73,0.276,4.66,0.571
foresight,midpoint,0.02,1,17,0,0.0,3.58,6.33,0.293,5.12,0.766
foresight,GECF,0.0,0,18,0,0.0,3.9,7.0,0.31,5.64,0.902
foresight,GECF,0.01,0,18,0,0.0,3.9,7.0,0.31,5.64,0.902
foresight,GECF,0.02,0,18,0,0.0,3.9,7.0,0.31,5.64,0.902
