long_run_fee_from_2032,today_central,end2028_central,today_calibrated_costs,today_ex_boltons
0.00,-5.97,-6.30,-9.15,-2.36
0.50,-3.91,-3.82,-7.10,-1.11
1.00,-1.86,-1.33,-5.04,0.13
1.50,0.20,1.15,-2.99,1.37
2.00,2.25,3.64,-0.93,2.62
2.50,4.31,6.13,1.12,3.86
3.00,6.36,8.61,3.18,5.10
3.50,8.42,11.10,5.23,6.35
4.00,10.47,13.59,7.28,7.59
4.50,12.53,16.07,9.34,8.83
5.00,14.58,18.56,11.39,10.08
5.50,16.64,21.05,13.45,11.32
6.00,18.69,23.53,15.50,12.56
6.50,20.75,26.02,17.56,13.81
7.00,22.80,28.51,19.61,15.05
7.50,24.86,30.99,21.67,16.29
8.00,26.91,33.48,23.72,17.54
