long_run_fee_from_2032,today_central,end2028_central,today_costs_inflating,today_ex_boltons
0.00,-5.18,-5.92,-9.53,-1.58
0.50,-3.13,-3.43,-7.48,-0.33
1.00,-1.07,-0.94,-5.42,0.91
1.50,0.98,1.54,-3.37,2.15
2.00,3.04,4.03,-1.31,3.40
2.50,5.09,6.52,0.74,4.64
3.00,7.14,9.00,2.80,5.88
3.50,9.20,11.49,4.85,7.13
4.00,11.25,13.97,6.91,8.37
4.50,13.31,16.46,8.96,9.61
5.00,15.36,18.95,11.02,10.86
5.50,17.42,21.43,13.07,12.10
6.00,19.47,23.92,15.13,13.35
6.50,21.53,26.41,17.18,14.59
7.00,23.58,28.89,19.24,15.83
7.50,25.64,31.38,21.29,17.08
8.00,27.69,33.87,23.35,18.32
