open_fee_from_2029,value_today_central_costs_cp2_plus040,value_end2028_central,value_today_mgmt_framework,value_today_cp2_fee_plus085
0.00,-14.38,-16.05,-3.74,-12.98
0.50,-11.68,-12.79,-1.05,-10.28
1.00,-8.98,-9.53,1.65,-7.58
1.50,-6.29,-6.26,4.35,-4.89
2.00,-3.59,-3.00,7.04,-2.19
2.50,-0.89,0.26,9.74,0.51
3.00,1.80,3.53,12.44,3.20
3.50,4.50,6.79,15.14,5.90
4.00,7.20,10.05,17.83,8.60
4.50,9.89,13.32,20.53,11.30
5.00,12.59,16.58,23.23,13.99
5.50,15.29,19.84,25.92,16.69
6.00,17.99,23.11,28.62,19.39
6.50,20.68,26.37,31.32,22.08
7.00,23.38,29.63,34.01,24.78
7.50,26.08,32.90,36.71,27.48
8.00,28.77,36.16,39.41,30.17
