scenario,demand,legacy_decline,flat_fee_no_shocks,flat_fee_mean,p10,p50,p90,p_fee_ge_4.49,avg_fids_mtpa
central,Shell,0.0,0.0,0.0,0.0,0.0,0.0,0.0,26.3
central,Shell,0.01,0.0,0.0,0.0,0.0,0.0,0.0,26.3
central,Shell,0.02,0.0,0.0,0.0,0.0,0.0,0.0,26.3
central,midpoint,0.0,1.14,1.06,0.93,1.14,1.14,0.0,28.1
central,midpoint,0.01,2.68,2.55,2.29,2.68,2.68,0.0,29.6
central,midpoint,0.02,4.31,4.27,3.91,4.31,4.87,0.176,31.0
central,GECF,0.0,5.4,5.81,5.29,5.79,6.25,1.0,32.6
central,GECF,0.01,6.62,7.31,6.84,7.29,7.82,1.0,33.7
central,GECF,0.02,5.72,7.1,6.17,7.08,7.99,1.0,32.6
hormuz,Shell,0.0,0.0,0.0,0.0,0.0,0.0,0.0,26.8
hormuz,Shell,0.01,0.0,0.0,0.0,0.0,0.0,0.0,26.8
hormuz,Shell,0.02,0.0,0.0,0.0,0.0,0.0,0.0,26.8
hormuz,midpoint,0.0,1.02,0.98,0.88,1.02,1.02,0.0,28.3
hormuz,midpoint,0.01,2.5,2.42,2.2,2.5,2.5,0.0,29.7
hormuz,midpoint,0.02,4.13,4.04,3.82,4.13,4.13,0.0,31.2
hormuz,GECF,0.0,5.29,5.74,5.29,5.71,6.18,1.0,32.7
hormuz,GECF,0.01,6.57,7.28,6.81,7.26,7.77,1.0,33.8
hormuz,GECF,0.02,5.6,7.09,6.12,7.09,8.0,1.0,32.7
