item,value
mean_fee_central,3.1224
p_central,0.3529
mean_fee_noshock_central,2.8738
p_central_min,0.0000
p_central_max,1.0000
mean_fee_hormuz,3.0619
p_hormuz,0.3333
hormuz_fee_2027,9.6000
hormuz_fee_2028,8.3555
hormuz_fee_2029,7.0316
hormuz_fee_2030,4.3214
hormuz_fee_2031,3.8212
central_fee_2027,9.6000
central_fee_2028,6.4674
central_fee_2029,5.4475
central_fee_2030,3.6784
central_fee_2031,3.8212
central_fee_2032,3.5092
central_fee_2033,3.3112
central_fee_2034,3.2941
central_fee_2035,3.3710
central_fee_2036,3.1307
central_fee_2037,2.9009
central_fee_2038,2.6963
central_fee_2039,2.5060
central_fee_2040,2.3197
central_fee_2041,2.1417
central_fee_2042,1.9831
central_fee_2043,1.8418
central_fee_2044,1.7157
central_fee_2045,1.6032
central_fee_2046,1.5034
central_fee_2047,1.4149
central_fee_2048,1.3360
central_fee_2049,1.2654
be_mid_noshock_lo,21.5
be_mid_noshock_hi,31.8
be_mid_shock_lo,22.1
be_mid_shock_hi,32.9
be_mid_1pct_noshock,26.9
be_mid_1pct_shock,27.8
resp_used,1
delta,0.0870
hist_only_mean,1.8183
hist_only_p,0.1519
